title,0.5M 25℃,series,x,y
y-axis,Leaching ratio(%),Mn,15,116.1383597
x-axis,time(min),Fe,30,115.4280768
,,Ni,60,110.0458483
,,Co,120,108.3676308
,,Cu,180,106.3611644
,,,,91.13407122
,,,,92.28426242
,,,,92.57786314
,,,,93.82173507
,,,,93.60621076
,,,,112.0205342
,,,,111.4866409
,,,,107.0396016
,,,,105.3640086
,,,,103.9622507
,,,,112.181299
,,,,111.7805348
,,,,107.7428155
,,,,105.7632501
,,,,104.8773584
,,,,107.5621378
,,,,107.9516883
,,,,104.2285817
,,,,103.6711252
,,,,101.6845596